id;name;description;image;image_content_type;price;persons;hot;discoint
1;multi-byte Handcrafted;Ball alarm;../fake-data/blob/hipster.png;image/png;8274;28316;false;25309
2;partnerships best-of-breed Idaho;deposit value-added;../fake-data/blob/hipster.png;image/png;38133;99563;false;42627
3;Response Account;Account Books Awesome;../fake-data/blob/hipster.png;image/png;51504;30383;true;61215
4;microchip digital;Cambridgeshire;../fake-data/blob/hipster.png;image/png;63133;63102;true;57338
5;COM Account;Buckinghamshire Chief Devolved;../fake-data/blob/hipster.png;image/png;9776;60355;false;58686
6;Account Internal;UIC-Franc framework index;../fake-data/blob/hipster.png;image/png;42335;11696;false;84370
7;Soap XML;gold;../fake-data/blob/hipster.png;image/png;29404;27430;false;82789
8;SDD payment;Cotton Liaison;../fake-data/blob/hipster.png;image/png;62469;29042;false;51140
9;user-centric Supervisor;Orchard Credit Cambridgeshire;../fake-data/blob/hipster.png;image/png;90011;60734;false;42924
10;deposit platforms haptic;online AGP;../fake-data/blob/hipster.png;image/png;71957;4815;false;3649
